name,calendarid
1MS,gvmt6ubk2goqpftv8d2il2rpac@group.calendar.google.com
2MS,m7ge1rhmea35vlpqlhlbi2snec@group.calendar.google.com
1ES,o4cah7b9pbq8qtlrtmhf16g2g0@group.calendar.google.com
2ES,l852dh9450j9fq3bbpv06qvvlk@group.calendar.google.com
1CA,6lfmd64tf8bj50oahjmn5pcjk8@group.calendar.google.com
2CA,eho27fth673dmbh6lqluajdk3s@group.calendar.google.com
専1,bgphtguts77eqokdn2u525a08c@group.calendar.google.com
専2,nra8eqs4rqbmvca9ti1vvp4mt0@group.calendar.google.com
1-1,j9uv9oucflbt26u23ij6k7op6g@group.calendar.google.com
1-2,lr9mi7butq6qdcpro7fdkgmgtk@group.calendar.google.com
1-3,3mrapg4aotuoc2a4ih0npr8emk@group.calendar.google.com
1-4,tbdh5t0muupaoqijfu21mt4468@group.calendar.google.com
1M,mqscik9cd3etebb7pmdi1cj5e8@group.calendar.google.com
1E,9etr4rt0jsmcp8koffpqff8h5g@group.calendar.google.com
1S,7p7miu705asa5pq4b6ouqgkge0@group.calendar.google.com
1C,s0ei6kcre376s8tjb9bt66qpu0@group.calendar.google.com
2-1,5ti8t5k0jfdqgradc948jh29rg@group.calendar.google.com
2-2,1028j8khm5veg682k0nahn0f0s@group.calendar.google.com
2-3,7u176r84mrrq6g74vfpfobfjqc@group.calendar.google.com
2-4,ff0clq7crjcejo4afi0ht6u6ag@group.calendar.google.com
2M,1g63kc7aundkjpcihim8ock7p8@group.calendar.google.com
2E,isajofn84amvq41ki93v4mfnlg@group.calendar.google.com
2S,vcvmck0g867e23kjfhbm62pt2c@group.calendar.google.com
2C,d06jn61k6gq8iqg0f3006jo77c@group.calendar.google.com
3M,dmir6ll8hrat9nqmclmqpe2nq4@group.calendar.google.com
3E,l3pk1q12v0bffo4b23p9nsui2k@group.calendar.google.com
3S,28576f1pg5ctqosl42cphb3he4@group.calendar.google.com
3C,kpoj6jqjtv6smdalrr2b9qcuek@group.calendar.google.com
4M,ottmjqap9ba1bdfg3cn8jikris@group.calendar.google.com
4E,f30nu3gjrqp2a2d6umjm6vjvro@group.calendar.google.com
4S,gcg43hd6res23c1ru0e4kq0ld8@group.calendar.google.com
4C,mr12kmmi8mvlebmvos0t0mld9o@group.calendar.google.com
5M,tj7mpfmq2us2eapkaj3v5mr6d4@group.calendar.google.com
5E,n408k3iaqhqpv9agkcblg0nk9o@group.calendar.google.com
5S,daulu036qss4e993mv1kfrsjq0@group.calendar.google.com
5C,s5qnv14t2kdjua1sbl48lu4ebo@group.calendar.google.com
3年,38hk0umiesd1110du5ras47r94@group.calendar.google.com
4年,liahognq37dkeirsurtluimg28@group.calendar.google.com
5年,pvhbv1f0fm8usc3g54vv0mgino@group.calendar.google.com
女子,ega4qj37ackqlvs7c1ksgcdqa4@group.calendar.google.com
